{"obox-layers-builder-5":{"layers-widget-slide-3":{"design":{"layout":"layout-fullwidth","advanced":{"customclass":"main-slider","customcss":".main-slider .section-title.large .heading { font-size: 7rem; text-transform: uppercase; font-weight: 700; line-height: 1.1; margin-bottom: 25px; margin-top: 80px; }\r\n\r\n.main-slider .section-title.large .excerpt { font-size: 2rem; color: #fff; }\r\n\r\n.main-slider .button { margin-top: 65px; }\r\n\r\n.main-slider .swiper-slide .overlay { padding-bottom: 120px; }","padding":{"top":"","right":"","bottom":"","left":""},"margin":{"top":"","right":"","bottom":"","left":""}}},"autoheight_slides":"on","slide_height":"550","show_slider_arrows":"on","slider_arrow_color":"","show_slider_dots":"on","animation_type":"slide","slide_time":"","focus_slide":"0","slide_ids":"10,858","slides":{"10":{"design":{"background":{"image":"http:\/\/stylekit-lesson\/wp-content\/uploads\/2015\/11\/bg.jpg","color":"#2d314c","repeat":"no-repeat","position":"center","stretch":"on"},"featuredimage":"","featuredvideo":"","imagealign":"image-top","fonts":{"align":"text-center","size":"large","color":""}},"title":"Your Favorite One Page Multi Purpose Template","excerpt":"<p>Lorem ipsum dolor sit amet, consectetur adipiscing elit. Praesent commodo cursus magna\u00a0vel scelerisque nisl consectetur et.<\/p>","link":"#","link_text":"Find Out More"},"858":{"design":{"background":{"image":"http:\/\/stylekit-lesson\/wp-content\/uploads\/2015\/11\/bg.jpg","color":"#2d314c","repeat":"no-repeat","position":"center","stretch":"on"},"featuredimage":"","featuredvideo":"","imagealign":"image-top","fonts":{"align":"text-center","size":"large","color":""}},"title":"Your Favorite One Page Multi Purpose Template","excerpt":"<p>Lorem ipsum dolor sit amet, consectetur adipiscing elit. Praesent commodo cursus magna\u00a0vel scelerisque nisl consectetur et.<\/p>","link":"#","link_text":"Find Out More"}}},"layers-widget-column-3":{"design":{"layout":"layout-boxed","liststyle":"list-grid","gutter":"on","fonts":{"align":"text-center","size":"medium","color":""},"background":{"image":"","color":"","repeat":"no-repeat","position":"center"},"advanced":{"customclass":"section-features","customcss":".section-features { padding: 120px 0 50px }\r\n\r\n.section-features .media .heading { margin: 18px 0; font-size: 1.4rem; text-transform: uppercase; }\r\n\r\n.section-features .media .heading + .excerpt { font-size: 1.35rem; padding: 0 3%; }\r\n\r\n\r\n.section-features .column { margin-bottom: 76px; }","padding":{"top":"","right":"","bottom":"","left":""},"margin":{"top":"","right":"","bottom":"","left":""}}},"title":"","excerpt":"","column_ids":"402,895,553,43,737,78","columns":{"402":{"design":{"background":{"image":"","color":"","repeat":"no-repeat","position":"center"},"featuredimage":"http:\/\/stylekit-lesson\/wp-content\/uploads\/2015\/11\/features-1.png","featuredvideo":"","imagealign":"image-top","fonts":{"align":"text-center","size":"small","color":""}},"width":"4","title":"Easily Customised","excerpt":"<p>Cras justo odio, dapibus ac facilisis in, egestas eget quam. Nullam quis risus eget urna mollis ornare vel eu leo. Donec ullamcorper nulla non metus auctor fringilla.<\/p>","link":"","link_text":""},"895":{"design":{"background":{"image":"","color":"","repeat":"no-repeat","position":"center"},"featuredimage":"http:\/\/stylekit-lesson\/wp-content\/uploads\/2015\/11\/features-2.png","featuredvideo":"","imagealign":"image-top","fonts":{"align":"text-center","size":"small","color":""}},"width":"4","title":"Responsive REady","excerpt":"<p>Cras justo odio, dapibus ac facilisis in, egestas eget quam. Nullam quis risus eget urna mollis ornare vel eu leo. Donec ullamcorper nulla non metus auctor fringilla.<\/p>","link":"","link_text":""},"553":{"design":{"background":{"image":"","color":"","repeat":"no-repeat","position":"center"},"featuredimage":"http:\/\/stylekit-lesson\/wp-content\/uploads\/2015\/11\/features-3.png","featuredvideo":"","imagealign":"image-top","fonts":{"align":"text-center","size":"small","color":""}},"width":"4","title":"Modern Design","excerpt":"<p>Cras justo odio, dapibus ac facilisis in, egestas eget quam. Nullam quis risus eget urna mollis ornare vel eu leo. Donec ullamcorper nulla non metus auctor fringilla.<\/p>","link":"","link_text":""},"43":{"design":{"background":{"image":"","color":"","repeat":"no-repeat","position":"center"},"featuredimage":"http:\/\/stylekit-lesson\/wp-content\/uploads\/2015\/11\/features-4.png","featuredvideo":"","imagealign":"image-top","fonts":{"align":"text-center","size":"small","color":""}},"width":"4","title":"Clean Code","excerpt":"<p>Cras justo odio, dapibus ac facilisis in, egestas eget quam. Nullam quis risus eget urna mollis ornare vel eu leo. Donec ullamcorper nulla non metus auctor fringilla.<\/p>","link":"","link_text":""},"737":{"design":{"background":{"image":"","color":"","repeat":"no-repeat","position":"center"},"featuredimage":"http:\/\/stylekit-lesson\/wp-content\/uploads\/2015\/11\/features-5.png","featuredvideo":"","imagealign":"image-top","fonts":{"align":"text-center","size":"small","color":""}},"width":"4","title":"Ready to Ship","excerpt":"<p>Cras justo odio, dapibus ac facilisis in, egestas eget quam. Nullam quis risus eget urna mollis ornare vel eu leo. Donec ullamcorper nulla non metus auctor fringilla.<\/p>","link":"","link_text":""},"78":{"design":{"background":{"image":"","color":"","repeat":"no-repeat","position":"center"},"featuredimage":"http:\/\/stylekit-lesson\/wp-content\/uploads\/2015\/11\/features-6.png","featuredvideo":"","imagealign":"image-top","fonts":{"align":"text-center","size":"small","color":""}},"width":"4","title":"Download for Free","excerpt":"<p>Cras justo odio, dapibus ac facilisis in, egestas eget quam. Nullam quis risus eget urna mollis ornare vel eu leo. Donec ullamcorper nulla non metus auctor fringilla.<\/p>","link":"","link_text":""}}},"layers-widget-column-5":{"design":{"layout":"layout-fullwidth","liststyle":"list-grid","fonts":{"align":"text-center","size":"medium","color":""},"background":{"image":"","color":"","repeat":"no-repeat","position":"center"},"advanced":{"customclass":"section-portfolio","customcss":".wrapper-site .section-portfolio .media { overflow: hidden; display: block; }\r\n\r\n.wrapper-site .section-portfolio .media-image  { border-top: #fff 1px solid; border-left: #fff 1px solid;  }\r\n\r\n.wrapper-site .section-portfolio .media .media-image img { transition: all .5s ease; }\r\n\r\n.wrapper-site .section-portfolio .media:hover .media-image img { transform: scale(1.5) rotateZ(25deg) }\r\n\r\n.wrapper-site .media .heading + .excerpt { margin-top: 0; }\r\n\r\n.wrapper-site .section-portfolio .media-body { position: absolute; top: 0; background: rgba(232,69,69,.8); height: 100%; margin:0; transition: all .8s ease; opacity: 0; -webkit-transform: translateZ(0); }\r\n\r\n.wrapper-site .section-portfolio .media:hover .media-body { opacity: 1; }\r\n \r\n.section-portfolio .media .heading { margin-top: 25%; text-transform: uppercase; }\r\n\r\n.section-portfolio .button { background: none; border: #fff 1px solid; padding: 5px 20px; text-transform: uppercase; }\r\n\r\n\r\n.section-portfolio .button:hover { background: #fff; color: #E84545; }","padding":{"top":"0","right":"0","bottom":"0","left":"0"},"margin":{"top":"","right":"","bottom":"","left":""}}},"title":"","excerpt":"","column_ids":"923,802,185,5,17,982,826,616","columns":{"923":{"design":{"background":{"image":"","color":"","repeat":"no-repeat","position":"center"},"featuredimage":"http:\/\/stylekit-lesson\/wp-content\/uploads\/2015\/11\/portfolio-1.jpg","featuredvideo":"","imagealign":"image-top","fonts":{"align":"text-center","size":"small","color":"#ffffff"}},"width":"3","title":"Project Name","excerpt":"<p>User Interface Design<\/p>","link":"#","link_text":"View"},"802":{"design":{"background":{"image":"","color":"","repeat":"no-repeat","position":"center"},"featuredimage":"http:\/\/stylekit-lesson\/wp-content\/uploads\/2015\/11\/portfolio-2.jpg","featuredvideo":"","imagealign":"image-top","fonts":{"align":"text-center","size":"small","color":"#ffffff"}},"width":"3","title":"Project Name","excerpt":"<p>User Interface Design<\/p>","link":"#","link_text":"View"},"185":{"design":{"background":{"image":"","color":"","repeat":"no-repeat","position":"center"},"featuredimage":"http:\/\/stylekit-lesson\/wp-content\/uploads\/2015\/11\/portfolio-3.jpg","featuredvideo":"","imagealign":"image-top","fonts":{"align":"text-center","size":"small","color":"#ffffff"}},"width":"3","title":"Project Name","excerpt":"<p>User Interface Design<\/p>","link":"#","link_text":"View"},"5":{"design":{"background":{"image":"","color":"","repeat":"no-repeat","position":"center"},"featuredimage":"http:\/\/stylekit-lesson\/wp-content\/uploads\/2015\/11\/portfolio-4.jpg","featuredvideo":"","imagealign":"image-top","fonts":{"align":"text-center","size":"small","color":"#ffffff"}},"width":"3","title":"Project Name","excerpt":"<p>User Interface Design<\/p>","link":"#","link_text":"View"},"17":{"design":{"background":{"image":"","color":"","repeat":"no-repeat","position":"center"},"featuredimage":"http:\/\/stylekit-lesson\/wp-content\/uploads\/2015\/11\/portfolio-5.jpg","featuredvideo":"","imagealign":"image-top","fonts":{"align":"text-center","size":"small","color":"#ffffff"}},"width":"3","title":"Project Name","excerpt":"<p>User Interface Design<\/p>","link":"#","link_text":"View"},"982":{"design":{"background":{"image":"","color":"","repeat":"no-repeat","position":"center"},"featuredimage":"http:\/\/stylekit-lesson\/wp-content\/uploads\/2015\/11\/portfolio-6.jpg","featuredvideo":"","imagealign":"image-top","fonts":{"align":"text-center","size":"small","color":"#ffffff"}},"width":"3","title":"Project Name","excerpt":"<p>User Interface Design<\/p>","link":"#","link_text":"View"},"826":{"design":{"background":{"image":"","color":"","repeat":"no-repeat","position":"center"},"featuredimage":"http:\/\/stylekit-lesson\/wp-content\/uploads\/2015\/11\/portfolio-7.jpg","featuredvideo":"","imagealign":"image-top","fonts":{"align":"text-center","size":"small","color":"#ffffff"}},"width":"3","title":"Project Name","excerpt":"<p>User Interface Design<\/p>","link":"#","link_text":"View"},"616":{"design":{"background":{"image":"","color":"","repeat":"no-repeat","position":"center"},"featuredimage":"http:\/\/stylekit-lesson\/wp-content\/uploads\/2015\/11\/portfolio-4.jpg","featuredvideo":"","imagealign":"image-top","fonts":{"align":"text-center","size":"small","color":"#ffffff"}},"width":"3","title":"Project Name","excerpt":"<p>User Interface Design<\/p>","link":"#","link_text":"View"}}},"layers-widget-column-8":{"design":{"layout":"layout-boxed","liststyle":"list-grid","gutter":"on","fonts":{"align":"text-left","size":"medium","color":""},"background":{"image":"","color":"","repeat":"no-repeat","position":"center"},"advanced":{"customclass":"section-team","customcss":".section-team .media .heading { font-family: Raleway; margin-top: 6px; }\r\n\r\n.section-team .media .heading + .excerpt { font-size: 1.4rem; }\r\n\r\n.section-team .media .heading + .excerpt strong { text-transform: uppercase; color: #E84545; font-size: 1.3rem; font-weight: normal; }\r\n\r\n.section-team .column .media-image { overflow: hidden; }\r\n\r\n.section-team .column .media-image img { transition: all .5s ease; }\r\n\r\n.section-team .column:hover .media-image img { transform: scale(1.1) }","padding":{"top":"100","right":"","bottom":"100","left":""},"margin":{"top":"","right":"","bottom":"","left":""}}},"title":"","excerpt":"","column_ids":"926,874,865,808","columns":{"926":{"design":{"background":{"image":"","color":"","repeat":"no-repeat","position":"center"},"featuredimage":"http:\/\/stylekit-lesson\/wp-content\/uploads\/2015\/11\/team-1.jpg","featuredvideo":"","imagealign":"image-top","fonts":{"align":"text-left","size":"medium","color":""}},"width":"3","title":"Ruth Woods","excerpt":"<p><strong>Founder, CEO<\/strong><\/p><p>Fusce dapibus, tellus ac cursus commodo, tortor mauris condimentum nibh, ut fermentum massa justo sit amet risus. Maecenas sed diam eget risus varius blandit sit amet non magna. Nullam quis risus eget urna mollis ornare vel eu leo.<\/p>","link":"","link_text":""},"874":{"design":{"background":{"image":"","color":"","repeat":"no-repeat","position":"center"},"featuredimage":"http:\/\/stylekit-lesson\/wp-content\/uploads\/2015\/11\/team-2.jpg","featuredvideo":"","imagealign":"image-top","fonts":{"align":"text-left","size":"medium","color":""}},"width":"3","title":"Timothy Reed","excerpt":"<p><strong>Co-Founder, Developer<\/strong><\/p><p>Fusce dapibus, tellus ac cursus commodo, tortor mauris condimentum nibh, ut fermentum massa justo sit amet risus. Maecenas sed diam eget risus varius blandit sit amet non magna. Nullam quis risus eget urna mollis ornare vel eu leo.<\/p>","link":"","link_text":""},"865":{"design":{"background":{"image":"","color":"","repeat":"no-repeat","position":"center"},"featuredimage":"http:\/\/stylekit-lesson\/wp-content\/uploads\/2015\/11\/team-3.jpg","featuredvideo":"","imagealign":"image-top","fonts":{"align":"text-left","size":"medium","color":""}},"width":"3","title":"Victoria Valdez","excerpt":"<p><strong>UI Designer<\/strong><\/p><p>Fusce dapibus, tellus ac cursus commodo, tortor mauris condimentum nibh, ut fermentum massa justo sit amet risus. Maecenas sed diam eget risus varius blandit sit amet non magna. Nullam quis risus eget urna mollis ornare vel eu leo.<\/p>","link":"","link_text":""},"808":{"design":{"background":{"image":"","color":"","repeat":"no-repeat","position":"center"},"featuredimage":"http:\/\/stylekit-lesson\/wp-content\/uploads\/2015\/11\/team-4.jpg","featuredvideo":"","imagealign":"image-top","fonts":{"align":"text-left","size":"medium","color":""}},"width":"3","title":"Beverly Little","excerpt":"<p><strong>Data Scientist<\/strong><\/p><p>Fusce dapibus, tellus ac cursus commodo, tortor mauris condimentum nibh, ut fermentum massa justo sit amet risus. Maecenas sed diam eget risus varius blandit sit amet non magna. Nullam quis risus eget urna mollis ornare vel eu leo.<\/p>","link":"","link_text":""}}},"layers-widget-column-9":{"design":{"layout":"layout-fullwidth","liststyle":"list-grid","gutter":"on","fonts":{"align":"text-left","size":"medium","color":""},"background":{"image":"","color":"#53354a","repeat":"no-repeat","position":"center"},"advanced":{"customclass":"section-test","customcss":".section-test .container { padding: 0; }\r\n\r\n.section-test .column.span-6 { min-height: 480px; margin-bottom: 0; padding: 7% 5%; }\r\n\r\n.section-test .media .heading { font-family: Cardo; font-style: italic; font-size: 3.2rem; margin-bottom: 20px; max-width: 500px; }\r\n\r\n.section-test .media .heading + .excerpt { text-transform: uppercase; font-weight: bold; font-size: 1.3rem; }","padding":{"top":"0","right":"0","bottom":"0","left":"0"},"margin":{"top":"","right":"","bottom":"","left":""}}},"title":"","excerpt":"","column_ids":"296,102","columns":{"296":{"design":{"background":{"image":"http:\/\/stylekit-lesson\/wp-content\/uploads\/2015\/11\/woman.jpg","color":"","repeat":"no-repeat","position":"center","stretch":"on"},"featuredimage":"","featuredvideo":"","imagealign":"image-top","fonts":{"align":"text-left","size":"large","color":""}},"width":"6","title":"","excerpt":"","link":"","link_text":""},"102":{"design":{"background":{"image":"","color":"","repeat":"no-repeat","position":"center"},"featuredimage":"","featuredvideo":"","imagealign":"image-top","fonts":{"align":"text-left","size":"medium","color":""}},"width":"6","title":"\u201cInteger posuere erat a ante venenatis dapibus posuere velit aliquet. Donec sed odio dui. Aenean eu leo quam...\u201d","excerpt":"<p>Susan Sims, Interaction Designer at XYZ<\/p>","link":"","link_text":""}}},"layers-widget-slide-5":{"design":{"layout":"layout-boxed","advanced":{"customclass":"section-download","customcss":".section-download .section-title .heading { font-family: Raleway; font-weight: 300; }\r\n\r\n.section-download .section-title .excerpt { text-transform: uppercase; font-size: 1.25rem; font-weight: bold; margin-bottom: 20px; }\r\n\r\n.section-download .button { padding: 12px 70px; }","padding":{"top":"90","right":"","bottom":"90","left":""},"margin":{"top":"","right":"","bottom":"","left":""}}},"autoheight_slides":"on","slide_height":"550","slider_arrow_color":"","animation_type":"slide","slide_time":"","focus_slide":"0","slide_ids":"333","slides":{"333":{"design":{"background":{"image":"","color":"#ffffff","repeat":"no-repeat","position":"center"},"featuredimage":"","featuredvideo":"","imagealign":"image-top","fonts":{"align":"text-center","size":"medium","color":"#2d3033"}},"title":"Are You Ready to Start? Download Now For Free!","excerpt":"<p>Fusce dapibus, tellus ac cursus commodo<\/p>","link":"#","link_text":"Download Here"}}}}}